{"train/learning_rate":0.00016595987475592566,"train/num_tokens":1.719853e+06,"_step":383,"_timestamp":1.7562365528124127e+09,"train/global_step":768,"train/grad_norm":2.4375,"_wandb":{"runtime":3767},"train/loss":4.7029,"_runtime":3767,"train/epoch":1.769585253456221}