{"train/loss":10.602,"train/grad_norm":40.75,"train/epoch":0.018433179723502304,"_timestamp":1.7562327311964176e+09,"train/learning_rate":2.9999999999999997e-06,"_wandb":{"runtime":98},"train/num_tokens":17377,"_step":1,"train/global_step":4,"_runtime":98}